{"cameraMode":{"drawMode":0,"name":"Shaded","section":"Shading Mode"},"sceneLighting":false,"audioPlay":false,"sceneViewState":{"showFog":true,"showMaterialUpdate":true,"showSkybox":false,"showFlares":true,"showImageEffects":true,"showParticleSystems":true},"in2DMode":false,"pivot":{"x":2.9802322387695315e-8,"y":0.3088407516479492,"z":-7.450580596923828e-8},"rotation":{"x":-0.03470054268836975,"y":0.9399599432945252,"z":-0.10081086307764054,"w":-0.3244931399822235},"size":14.294941902160645,"orthographic":true}