{"cameraMode":{"drawMode":0,"name":"Shaded","section":"Shading Mode"},"sceneLighting":false,"audioPlay":false,"sceneViewState":{"showFog":true,"showMaterialUpdate":true,"showSkybox":false,"showFlares":true,"showImageEffects":true,"showParticleSystems":true},"in2DMode":false,"pivot":{"x":-0.07030850648880005,"y":-0.04611903429031372,"z":-0.001761995255947113},"rotation":{"x":-0.4632437527179718,"y":-0.19707340002059937,"z":0.10647284239530564,"w":-0.8574997782707214},"size":0.11903911828994751,"orthographic":false}