{"cameraMode":{"drawMode":0,"name":"Shaded","section":"Shading Mode"},"sceneLighting":false,"audioPlay":false,"sceneViewState":{"showFog":true,"showMaterialUpdate":true,"showSkybox":false,"showFlares":true,"showImageEffects":true,"showParticleSystems":true},"in2DMode":false,"pivot":{"x":-0.0005606114864349365,"y":-0.017294704914093019,"z":-0.005836956202983856},"rotation":{"x":-0.3504253029823303,"y":-0.4796629250049591,"z":0.21698077023029328,"w":-0.7746745944023132},"size":0.11903953552246094,"orthographic":false}