{"cameraMode":{"drawMode":0,"name":"Shaded","section":"Shading Mode"},"sceneLighting":false,"audioPlay":false,"sceneViewState":{"showFog":true,"showMaterialUpdate":true,"showSkybox":false,"showFlares":true,"showImageEffects":true,"showParticleSystems":true},"in2DMode":false,"pivot":{"x":0.03142215311527252,"y":-0.02731078863143921,"z":-0.03158050775527954},"rotation":{"x":0.1768936961889267,"y":0.29182857275009158,"z":-0.05498616769909859,"w":0.9384134411811829},"size":0.24423611164093018,"orthographic":true}