{"cameraMode":{"drawMode":0,"name":"Shaded","section":"Shading Mode"},"sceneLighting":true,"audioPlay":false,"sceneViewState":{"showFog":true,"showMaterialUpdate":true,"showSkybox":true,"showFlares":true,"showImageEffects":true,"showParticleSystems":true},"in2DMode":false,"pivot":{"x":-4.817626953125,"y":1.2998046875,"z":-3.2685546875},"rotation":{"x":-0.09692920744419098,"y":-0.5576282739639282,"z":0.0656176209449768,"w":-0.8219118714332581},"size":1.6401487588882447,"orthographic":true}